{
    "step": 8,
    "eval_loss": 0.23864923417568207,
    "eval_accuracy": 0.9523809523809523,
    "eval_runtime": 1.9778,
    "eval_samples_per_second": 10.618,
    "eval_steps_per_second": 1.517,
    "epoch": 8.0,
    "train_runtime": 74.4837,
    "train_samples_per_second": 2.256,
    "train_steps_per_second": 0.644,
    "train_loss": 0.7223207155863444
}